contract_id,summary,termination_clause,confidentiality_clause,liability_clause,timestamp
CHERRYHILLMORTGAGEINVESTMENTCORP_09_26_2013-EX-10.1-Strategic Alliance Agreement.PDF,"This agreement outlines the terms and conditions between Cherry Hill and Freedom Mortgage regarding the execution, delivery, and performance of certain transactions. Cherry Hill represents that it has the corporate power and authority to enter into this agreement and that its obligations are valid and binding. The agreement will remain in effect for three years or until an affiliate of Freedom Mortgage ceases to act as Cherry Hill's external manager, whichever is later. Either party may terminate the agreement if the other party materially breaches its representations or covenants and fails to remedy the breach within 30 days.

If a party breaches the agreement, the other party may terminate it, but the breaching party will still be liable for any obligations or liabilities arising prior to termination. Additionally, Freedom Mortgage has agreed to indemnify Cherry Hill against losses incurred as a result of Ginnie Mae's termination of Freedom Mortgage as an issuer for cause. The agreement also includes provisions for the assignment of rights and obligations, which requires the prior written consent of the other party.","Section 5. Term and Termination.
(a) Unless earlier terminated as provided below, this Agreement shall remain in effect until the later to occur of the date that is (x) three (3) years from the date hereof and (y) the date on which an affiliate of Freedom Mortgage is not acting as the external manager of Cherry Hill.
(b) In the event that a party materially breaches any representation or covenant herein, the other party may give written notice of the breach requiring the same to be remedied within 30 days of receipt of such notice. If the breaching party fails to remedy the material breach in such time period, the non-breaching party may terminate this Agreement by delivery of a written termination notice to the breaching party. Any such termination shall not relieve the breaching party from any obligation or liability arising prior to such termination.",,"(d) The Purchase Agreement will provide that Freedom Mortgage will indemnify Cherry Hill against, and hold it harmless from, any loss, cost or expense incurred by Cherry Hill as a result of Ginnie Mae’s termination for cause of Freedom Mortgage as an issuer.",05-12-2025 05:08
MANAKOASERVICESCORP_11_21_2007-EX-7.5-STRATEGIC ALLIANCE AGREEMENT.PDF,"This agreement outlines the terms of a 12-month partnership between UTEK and MKOS, which may be renewed with mutual written consent. Either party can terminate the agreement with 30 days' written notice. UTEK is required to maintain the confidentiality of MKOS's trade secrets and confidential information, and is prohibited from disclosing such information to others without MKOS's written authorization. Both parties agree to indemnify and hold harmless the other from losses resulting from misrepresentation, breach of warranty, or breach of any covenant contained in the agreement.

The agreement also outlines the obligations of each party, including UTEK's representation that it has the necessary experience and qualifications to perform its duties, and MKOS's obligation to notify UTEK of any events that may materially affect its condition or prospects. The agreement is binding on the parties' successors and assigns, and certain provisions survive termination.","The term of the Agreement will be for 12 months unless terminated sooner. This Agreement may be renewed upon mutual, written agreement of the parties. Either party may terminate this Agreement at any time with 30 days written notice.","UTEK shall not divulge to others, any trade secret or confidential information, knowledge, or data concerning or pertaining to the business and affairs of MKOS, obtained by UTEK as a result of its engagement hereunder, unless authorized, in writing by MKOS. UTEK represents and warrants that it has established appropriate internal procedures for protecting the trade secrets and confidential information of, MKOS including, without limitation, restrictions on disclosure of such information to employees and other persons who may be engaged in rendering services to any person, firm or entity which may be a competitor of.",,05-12-2025 05:09
"DUOSTECHNOLOGIESGROUP,INC_04_21_2009-EX-10.1-STRATEGIC ALLIANCE AGREEMENT.PDF","This agreement outlines the terms of a partnership between two parties, ISA and Rubicon. The purpose of the agreement is to establish the obligations and responsibilities of each party in their collaboration. Each party is required to maintain the confidentiality of the other's sensitive information, using at least the same degree of care as they would to protect their own confidential information. They must also limit access to this information to those who need to know it for the purposes of the agreement.

The agreement can be terminated for various reasons, including material breach, bankruptcy, or contesting intellectual property rights. Upon termination, all confidential information must be returned or destroyed. The parties' confidentiality obligations survive termination for three years. The liability of each party is limited to £200,000, except in cases of breach of confidentiality, and neither party is liable for special, indirect, or consequential damages. The parties are also required to perform further acts and execute documents necessary to accomplish the transactions contemplated in the agreement.","6. TERM AND TERMINATION; WITHDRAWAL.  6.1 Term. Unless terminated sooner, the term of this Agreement shall begin on the Effective Date and continue for three (3) years thereafter (the “Initial Term”) and shall automatically renew for additional one (1) year terms on the terms and conditions set forth herein (each a “Renewal Term” and collectively, the “Term”) unless either party gives the other Party Notice of its intention to terminate this Agreement ninety (90) days before the end of the Initial Term or Renewal Term, if any.   6.2 Termination.   6.2.1 For Cause. Either Party may serve Notice to the other Party to terminate this Agreement immediately in the event any material breach of a material provision of this Agreement by such other Party remains uncured 30 days in the case of a breach of a payment obligation, or 45 days for all other material breaches, after notice of such breach was received by such other Party.   6.2.2 For Bankruptcy. Either Party may terminate this Agreement immediately upon Notice to the other Party in the event the other Party (a) permanently ceases operations, (b) becomes or is declared insolvent or bankrupt, (c) is the subject of any proceeding related to its liquidation or insolvency (whether voluntary or involuntary) that is not dismissed within 90 calendar days or (d) makes an assignment for the benefit of creditors.   6.2.3 For Contesting Intellectual Property Rights. Either Party may terminate this Agreement upon ten Business Day’s Notice to the other Party in the event the other Party contests or challenges to a material degree any of the other Party’s Intellectual Property rights referred to in Sections 5.1, and 5.3, respectively.","8. CONFIDENTIALITY.   8.1 Confidentiality Obligations. Except as permitted elsewhere under this Agreement, each Party agrees (a) to take Reasonable Steps (as defined below) to receive and maintain the Confidential Information of the other Party in confidence, (b) to take Reasonable Steps (as defined below) not to disclose such Confidential Information to any third parties other than with the written consent of the disclosing Party and (c) to promptly notify the other Party upon learning of any law, rule, regulation or court order that purports to compel disclosure of any Confidential Information of the other Party and to reasonably cooperate with the other Party in the exercise of the other Party’s right to protect the confidentiality of such Confidential Information, including, but not limited to, seeking to dispute the cause of such disclosure and/or to receive confidential treatment for the Confidential Information disclosed as a result of such cause. Neither Party shall use all or any part of the Confidential Information of the other Party for any purpose other than to perform its obligations, or the exercise of such Party’s rights and licenses, under this Agreement. Each Party shall (i) limit access to any Confidential Information of the other Party received by it to its employees, contractors, consultants and agents who have a need-to-know in connection with the performance of such Party’s obligations, or the exercise of such Party’s rights, under this Agreement; and (ii) advise such employees, contractors, consultants and agents of the confidential nature thereof and of the obligations set forth in this Agreement and similarly bind them in writing. Each Party shall be responsible for any breaches of the obligations of confidentiality and restricted use set forth herein by any employee, contractor, consultant or agent to whom such Party disclosed any Confidential Information of the other Party. As used herein, “Reasonable Steps” means using at least the same degree of care that the receiving Party uses to protect its own Confidential Information, and, in any event, no less than reasonable care.   8.2 Exclusions. Nothing contained herein shall prevent a Party from disclosing Confidential Information pursuant to any applicable law or by a governmental order, decree, regulation, rule, process or court order; provided, however, that such Party complies with the notice provisions of Section 8.1(c) to the extent permissible under applicable laws, rules, regulations or court orders. Such disclosure shall not of itself alter the status of such information hereunder for all other purposes as Confidential Information.   8.3 Provisions of this Agreement. Each Party agrees that the provisions of this Agreement shall be treated as Confidential Information and that no reference shall be made thereto without the prior written consent of the other Party (which consent shall not be unreasonably withheld) except (a) to its accountants, banks, financing sources, lawyers and other professional advisors, provided that such parties undertake in writing (or are otherwise bound by rules of professional conduct) to keep such information strictly confidential, (b) in connection with the enforcement of this Agreement, (c) in connection with a merger, acquisition or proposed merger or acquisition, or (d) pursuant to joint press releases prepared in good faith or (e) as permitted under Section 8.2. The Parties will consult with each other, in advance, with regard to the terms of all proposed press releases, public announcements and other public statements with respect to the transactions contemplated hereby.   8.4 Termination. Upon termination of this Agreement, all Confidential Information shall be returned to the disclosing Party or destroyed unless otherwise specified or permitted elsewhere under this Agreement or as otherwise mutually agreed upon by the Parties. The confidentiality obligations contained in this Section 8 shall survive termination of this Agreement for a period of three years.   8.5 Injunction. Each Party acknowledges and agrees that the provisions of this Section 8 are reasonable and necessary to protect the other Party’s interests in its Confidential Information, that any breach of the provisions of this Section 8 may result in irreparable harm to such other Party, and in such event the exact amount of damages is now and will be difficult to ascertain and the remedies at law for any such failure would not be reasonable or adequate. Accordingly, in the event of any breach or threatened breach of the provisions of this Section 8 by a Party hereto, the other Party, in addition to any other relief available to it at law, in equity or otherwise, shall be entitled to seek temporary and permanent injunctive relief restraining","10. DISCLAIMER OF WARRANTY, LIMITATION OF LIABILITY AND INDEMNIFICATION.   10.1 Disclaimer of Warranties. EXCEPT AS EXPRESSLY SET FORTH IN THIS AGREEMENT, ISA AND RUBICON HEREBY DISCLAIM ALL WARRANTIES, EXPRESS, IMPLIED OR STATUTORY, WITH RESPECT TO ANY AND ALL ISA AND RUBICON SERVICES RESPECTIVELY, INCLUDING BUT NOT LIMITED TO ANY IMPLIED WARRANTIES OF MERCHANTABILITY, FITNESS FOR A PARTICULAR PURPOSE, TITLE AND NON-INFRINGEMENT.   10.2 Limitation of Liability. EXCEPT IN CONNECTION WITH A BREACH BY EITHER PARTY OF SECTION 8, NEITHER PARTY WILL BE LIABLE FOR ANY SPECIAL, INDIRECT, CONSEQUENTIAL, EXEMPLARY, PUNITIVE OR INCIDENTAL DAMAGES ARISING OUT OF OR RELATED TO THIS AGREEMENT, HOWEVER CAUSED AND UNDER ANY THEORY OF LIABILITY (INCLUDING NEGLIGENCE), EVEN IF SUCH PARTY HAS BEEN ADVISED OF THE POSSIBILITY OF SUCH DAMAGES. ISA SHALL NOT BE LIABLE FOR ANY LOSS OF DATA, OR ANY INTERRUPTION OF OR DELAY IN PROVIDING THE SERVICES. EXCEPT IN CONNECTION WITH A BREACH BY EITHER PARTY OF SECTION 8, EACH PARTY’S LIABILITY FOR DAMAGES HEREUNDER (OTHER THAN IN RESPECT OF ANY CLAIM FOR MONIES DUE) SHALL NOT EXCEED £200,000.",05-12-2025 05:10
GAINSCOINC_01_21_2010-EX-10.41-SPONSORSHIP AGREEMENT.PDF,"This agreement is between Stallings Capital Group Consultants, Ltd. (Racing) and Gainsco, Inc. (Sponsor) for a sponsorship deal. The purpose is for Racing to provide benefits to the Sponsor in exchange for a sponsorship fee. The Sponsor must submit advertising and promotional materials to Racing in time to ensure compliance with relevant rules and regulations. Racing is responsible for providing the benefits as agreed, and the Sponsor is responsible for paying the sponsorship fee.

The Sponsor can terminate the agreement at any time before December 31, 2010, by giving written notice, releasing both parties from their obligations. The agreement includes confidentiality provisions, requiring both parties to keep the terms confidential. Racing has agreed to indemnify the Sponsor for any liability in excess of the maximum obligation, which is limited to the sponsorship fee plus collection costs. If either party breaches the agreement, the other can seek monetary damages and equitable relief.","14. Termination by the Sponsor. Notwithstanding the provisions of Section 1 hereof, the Sponsor shall have the right at any time prior to December 31, 2010 to terminate this Agreement by giving written notice of such termination to Racing. In the event of such a termination, (i) the Sponsor shall have no further obligation to make payments toward the sponsorship fee contemplated in Section 3 hereof, (ii) Racing shall have no further obligation to provide any Benefits hereunder, and (iii) the remaining provisions of this Agreement shall remain in full force and effect.","12. Entire Agreement; Amendment and Waiver; Confidentiality. ... Each of the parties hereto agrees to hold in confidence the terms hereof and, unless otherwise required by law, neither party shall release, disclose or publish any of the terms hereof without the prior written consent of the other party.","5. Sponsor’s Maximum Obligation; Indemnification. Racing represents to the Sponsor that the Sponsor’s aggregate obligation hereunder will not exceed the amount of the sponsorship fee set forth in Section 3 hereof (or such lesser amount as is payable by the Sponsor in the event that this Agreement is terminated pursuant to Section 14 hereof), plus, if applicable, collection costs that may be reasonably incurred by Racing in a legal proceeding to collect all or any part thereof (the “Maximum Obligation”). Racing agrees to indemnify the Sponsor and its officers, directors, agents and employees and to hold them harmless from any loss, claim, cost, damage or liability in excess of the Maximum Obligation which (i) the Sponsor shall incur as a result of this Agreement, or (ii) arises from any failure by Racing to perform any of its obligations hereunder.",05-12-2025 04:36
BellringBrandsInc_20190920_S-1_EX-10.12_11817081_EX-10.12_Manufacturing Agreement1.pdf,"This contract is an agreement between two parties, Premier and Heritage, regarding the manufacture, packaging, storage, and shipping of products. The agreement outlines the key obligations of each party, including the handling of confidential information and the terms of termination. Premier and Heritage are required to maintain the confidentiality of each other's proprietary information and to return or destroy such information upon termination of the agreement.

Either party may terminate the agreement if the other party fails to cure a material breach within a specified timeframe. Termination may also occur if a party files for bankruptcy or is declared bankrupt. Upon termination, Heritage is required to deliver any releasable products to Premier and Premier must purchase any remaining products and materials from Heritage. Certain provisions, including warranties, audit rights, indemnification, and confidentiality, survive termination or expiration of the agreement. A party's failure to comply with the confidentiality obligations may result in injunctive relief or specific performance.","11. TERMINATION
(a) This Agreement shall commence on the Effective Date and shall terminate automatically without notice on December 31, 2022, unless the Parties agree in writing to extend the term of the Agreement (the initial term and any renewal terms are referred to collectively herein as the “Term”). Either Party may terminate this Agreement immediately without notice should the other Party fail to cure, within [***] after receipt of written notice thereof, any material breach of its obligations or duties hereunder, provided, however that in the event of a material breach that cannot be cured within [***], a Party shall not be deemed in default if it commences curing such default within the [***] period, notifies the other Party of that commencement by e-mail, and thereafter cures such default within [***] of the original written notice thereof. The following provisions shall survive termination or expiration of this Agreement:
2(o) (warranties);
2(p)(q), 3(e) audit rights/access;
Schedule B (records);
7 (Indemnification); and
Section 8 (Risk of Loss and Insurance)
Section 9 (Confidentiality).
and Premier shall remain as an additional insured on the Heritage’s policies, for [***]. If either Party shall file a voluntary petition in bankruptcy, be declared bankrupt, make an assignment for the benefit of the creditors, or suffer the appointment of a receiver or a trustee of its assets, that Party shall be in breach of this Agreement and the other Party shall have the right to terminate this Agreement by giving written notice to take effect immediately.
(b) So long as Premier has satisfied its payment obligations to Heritage pursuant to Section 3, upon termination or expiration of this Agreement, any releasable Product in Heritage’s possession shall be promptly delivered to Premier within [***]. In addition, Premier shall purchase all Products and ingredients, packaging and material Heritage has on hand and not previously billed to Premier at the time of the termination that are used solely for the production of the Products, if any exist.","9. CONFIDENTIALITY
Each Party recognizes that in the performance of this Agreement, it may acquire, directly or indirectly from the other Party, proprietary, confidential, trade secret, or information that is not otherwise available to the general public (“Confidential Information”). Each Party shall maintain control of all Confidential Information it receives and not disclose it or use it for any other purpose other than to perform its obligations under this Agreement. Each Party shall return the Confidential Information, along with all materials derived therefrom, to the disclosing Party upon demand or, destroy them and provide verification of destruction upon the termination of this Agreement at the request of the disclosing Party. Each Party acknowledges that the value of the other Party’s Confidential Information is unique and substantial, and it may be impractical or difficult to assess its value in monetary terms. Accordingly, in the event of an actual or potential violation of this paragraph, the violating Party expressly consents to the enforcement of this Agreement by injunctive relief or specific performance in addition to any and all other remedies available to them. The Parties also agree to treat the terms and conditions of this Agreement as Confidential Information.
The term Confidential Information shall not apply to portions of the Confidential Information that Party receiving it can show: (i) are or become generally available to the public other than as a result of a disclosure by the receiving Party; (ii) are in the receiving Party’s possession from a source (other than the furnishing Party) that is not prohibited from disclosing such information, (iii) was known to the receiving Party prior to disclosure thereof by the furnishing Party; or (iv) are independently developed by the receiving Party without the use of any non-public, confidential or proprietary information received from the furnishing Party. A Party shall be entitled to disclose the other Party’s Confidential Information as required pursuant to judicial action, governmental regulations or investigation, or other requirements. Such Party shall, to the extent allowed or permitted by the applicable judicial action, governmental regulation or investigation or other requirements, promptly notify the Party that furnished the Confidential Information prior to any such disclosure, and reasonably cooperate (at the request and expense of the furnishing Party) with the furnishing Party to contest or limit such disclosure.",,05-12-2025 04:37
InmodeLtd_20190729_F-1A_EX-10.9_11743243_EX-10.9_Manufacturing Agreement.pdf,"This contract is between a customer and a contractor, where the contractor provides electronic manufacturing services to the customer. The purpose of the agreement is to outline the terms and conditions of their partnership, including the obligations of each party. The customer is responsible for defending and indemnifying the contractor against claims related to the customer's instructions, tooling, and designs, while the contractor is responsible for defending and indemnifying the customer against claims related to the contractor's manufacturing methods.

The agreement can be terminated by either party with four months' written notice, or immediately in case of insolvency or bankruptcy. The contractor is required to keep the customer's confidential information secret. The liability of the parties is limited, with neither party liable for incidental, consequential, special, or punitive damages. The contractor's liability is further limited to the amount it received for the manufacturing services related to the claim or demand.","15.1 Termination for cause
If either party fails to meet anyone or more of the terms and conditions as stated in either this Agreement or the Appendices, Contractor and
Customer agree to negotiate in good faith to resolve such default. If the defaulting party fails to cure such default or submit an acceptable
written plan to resolve such default within thirty (30) days following notice of default, the non-defaulting party shall have the right to
terminate this Agreement by furnishing the defaulting party with sixty (60) days written notice of termination.
15.2 Termination without cause
Notwithstanding anything to the contrary stated in this Agreement, either party may terminate this Agreement at any time without cause by
giving to the other party, not less than four (4) months written notice.
15.3 A Party may immediately terminate this Agreement should the other party:
(i) become insolvent;
(ii) enter into or filing a petition, arraignment or proceeding seeking an order for relief under the bankruptcy/insolvency laws of its
respective jurisdiction;
(iii) enter into a receivership of any of its assets; or
(iv) enter into a dissolution of liquidation of its assets or an assignment for the benefit of its creditors.","19. Confidentiality
Customer’s product and designs contain certain elements that are proprietary to Customer. Furthermore, in the course of this agreement,
technical and commercial information of the Customer may be revealed or become known to the Contractor. Contractor shall keep in
confidence all information relating to the foregoing, shall not use any part of it for any purpose except the performance of this Agreement or
in connection therewith, and shall not enable any third party to use ft without the prior written consent of Customer or unless such
information becomes public domain. Contractor shall ensure that all employees who directly participate in any of the services performed
under this Agreement and may accordingly receive certain confidential information of the Customer are subject to similar non-disclosure and
non-use undertakings and are made aware of the proprietary and confidential nature of the information.
The provisions of this Section 19 shall survive termination or expiration of the Agreement.","18. Limitation of Liability
18.1 Customer shall defend, indemnify and hold harmless Contractor from all claims, liabilities, costs, damages, judgments and attorney’s fees
resulting from or arising out of any alleged and/or actual infringement or other violation of any patents, patent rights, trademarks, trademark
rights, trade names, trade name rights, copyrights, trade secrets, proprietary rights and processes or other such rights elated to the Product
or claims relating to Customer’s instructions, tooling, specifications and designs (“ Claims”) provided that: (i) Contractor will provide the
Customer with prompt written notice of any Claim no later than three (3) business days following receipt of notice by Contractor; (ii)
Contractor will grant Customer sole control of the defense and settlement of Claims, taking into account any reasonable request of
Contractor; and (iii) Contractor will provide Customer with reasonable assistance, at Customer’s sole expense. Customer assumes no liability
for any Claims made by any third party to the extent that such Claims result from the use of specifications other than the Specification,
unaltered by Contractor or anyone on its behalf. If such Claim is brought, or Customer in good faith determines a Claim is likely to be made,
Customer shall notify Contractor and either: (1) procure for Contractor the right to continue to perform this Agreement; (2) modify the
Specification so that there will no longer be an infringement or misappropriation or (3) terminate this Agreement and pay Contractor the
consideration due under this Agreement for all services performed until the date of termination, including all payments set forth in Sections 6
and 8.
18.2 Contractor shall defend, indemnify and hold harmless Customer from all claims, liabilities, costs, damages, judgments and attorney’s fees
resulting from or arising out of any alleged and/or actual infringement or other violation of any patents, patent rights, trademarks, trademark
rights, trade names, trade name rights, copyrights, trade secrets, proprietary rights and processes or other such rights as a result of the
manufacturing methods employed by Contractor but excluding Claims as defined above) (“ Manufacturing Claims”) provided that: (i)
Customer will provide Contractor with prompt written notice of any Manufacturing Claim no later than three (3) business days following
receipt of notice by Customer; (ii) Customer will grant Contractor sole control of the defense and settlement of Manufacturing Claims, taking
into account any reasonable request of Customer; and (iii) Customer will provide Contractor with reasonable assistance, at Contractor sole
expense. If a Manufacturing Claim is brought, or Contractor in good faith determines a Manufacturing Claim is likely to be made, Contractor
shall notify Customer and either: (1) procure for Customer the right to continue to perform this Agreement; (2) modify its manufacturing
methods so that there will no longer be an infringement or misappropriation or (3) terminate this Agreement.
18.3 THE FOREGOING STATES THE ENTIRE LIABILITY OF THE PARTIES TO EACH OTHER CONCERNING INFRINGEMENT OF PATENT,
COPYRIGHT, TRADE SECRET OR OTHER INTELLECTUAL PROPERTY RIGHTS.
18.4 No Other Liability . IN NO EVENT SHALL EITHER PARTY BE LIABLE TO THE OTHER FOR ANY INCIDENTAL, CONSEQUENTIAL,
SPECIAL OR PUNITIVE DAMAGES OF ANY KIND OR NATURE ARISING OUT OF THIS AGREEMENT OR THE SALE OF PRODUCTS,
WHETHER SUCH LIABILITY IS ASSERTED ON THE BASIS OF CONTRACT, TORT (INCLUDING THE POSSIBILITY OF NEGLIGENCE OR
STRICT LIABILITY), OR OTHERWISE, EVEN IF THE PARTY HAS BEEN WARNED OF THE POSSIBILITY OF ANY SUCH LOSS OR
DAMAGE. AND EVEN IF ANY OF THE LIMITED REMEDIES IN THIS AGREEMENT FAIL OF THEIR ESSENTIAL PURPOSE. IN
ADDITION, NOTWITHSTANDING ANYTHING TO THE CONTRARY HEREIN OR OTHERWISE, THE PARTIES ACKNOWLEDGE THAT
AS AN ELECTRONIC MANUFACTURING SERVICES PROVIDER WORKING ON A COST PLUS BASIS SUPPLIER MUST LIMIT ITS
LIABILITY IN CONNECTION HEREWITH AND THEREFORE, CONTRACTOR’S LIABILITY IS FURTHER LIMITED IN ANY EVENT,
UNDER ANY LAW, RULE OR REGULATION, TO ANY AMOUNT IT ACTUALLY RECEIVED IN CONSIDERATION OF THE
MANUFACTURING SUBJECT MATTER OF THE RESPECTIVE CLAIM OR DEMAND BY CUSTOMER OR ANY THIRD PARTY.",05-12-2025 04:38
FerroglobePlc_20150624_F-4A_EX-10.20_9154746_EX-10.20_Outsourcing Agreement.pdf,"This agreement outlines the terms and conditions under which EIT provides IT management services to the Customer. EIT is responsible for rendering services to the Customer's users, maintaining the IT environment, and ensuring confidentiality and security. The Customer agrees to purchase these services from EIT.

The parties are obligated to maintain confidentiality of information exchanged during the agreement. EIT is liable for damages caused to the Customer or third parties due to non-satisfaction of contractual obligations, but this liability is limited to the contractual value. The Customer can terminate the agreement under certain circumstances, such as repeated service interruptions or EIT's insolvency. Upon termination, the parties must destroy or return confidential information. Either party can cancel the agreement with three months' prior written notice.","14.1. The Customer can cancel, on its own accord, the present Agreement upon certified notice to EIT, in the following cases: 14.1.1. If there is a repeated interruption, by EIT, of the services convened in this Agreement, for a period of four working days. 14.1.2. Upon the institution, by or against EIT, of insolvency, receivership or bankruptcy proceedings or any other proceedings for the settlement of its debts. 14.1.3. Non-performance by EIT of its contractual obligations and warranties, assumed in the present Agreement. 14.1.4. Absorption or fusion of EIT by other companies. In this case, the Customer can decide if he wants to continue working with the new company, which will have to continue rendering all the services convened in this Agreement, in the same conditions. 13.2. The Agreement rests, for all that, cancellable at any time by any of the parties before the expiry date of the Agreement or any of its renewals, upon three months prior written notice.","11. CONFIDENTIALITY The parties commit themselves to a total confidentiality and to not spread or use directly, through third parties or other companies, information about the other party to which they have access in the frame of this Agreement. 11.1. PROTECTION AND CONFIDENTIALITY OF DATA 11.1.1. Confidential Information means any information disclosed by either party in the frame of this Agreement. In consequence, each party agrees not to use, disclose, publish or disseminate any Confidential Information of the other party for any purpose except to perform its obligations or exercise its rights under this Agreement, except: 11.1.1.1. Following prior consent of the other party, or 11.1.1.2. If the information was in the public domain at the time it was disclosed or becomes in the public domain through no act or omission of the Receiving Party.","10. LIABILITY 10.1. EIT is responsible for any damages caused to the Customer or to third parties, when these result from EIT not satisfying the contractual obligations. 10.2. Nevertheless, EIT will be free of responsibility, in case of not satisfying its obligations, if he can prove that this was due to force majeure or external causes out of his control, like accidents, natural disasters, vandalism acts or theft. 10.3. The liability of EIT will be limited to a value equal to contractual value as per clause 7.1 and will not exceed this value.",05-12-2025 04:40
PhotronicsInc_20171219_10-QA_EX-10.28_10982650_EX-10.28_Outsourcing Agreement.pdf,"This agreement outlines the terms and conditions between the Company and its Suppliers, Photronics and DNP, regarding the supply of Products. The agreement's purpose is to establish the obligations and responsibilities of each party, including the supply of Products, warranties, and indemnification. The Suppliers are required to supply Products to the Company, and the Company is required to purchase those Products.

The agreement can be terminated if a party materially breaches the agreement and fails to cure the breach within 30 days. Upon termination, certain provisions, including warranties, termination, indemnification, and liability, will survive. The parties' liability is limited, excluding liability for breaches of confidentiality obligations, license grants, and indemnity obligations. A party's cumulative liability is capped at the amounts paid or received for the relevant Products during the 12 months prior to the initial event giving rise to the claim.","ARTICLE 7.
TERM AND TERMINATION
7.1 Term

This Agreement shall become effective as of the Effective Date and shall continue to be in full force and effect for so long as
Photronics and DNP, or any of their Affiliates, each remains a Shareholder of the Company.
7.2 Termination for Cause

A Party shall have the right to terminate its obligations under this Agreement if the other Party materially breaches this
Agreement and fails to cure such breach within thirty (30) days after its receipt of written notice of the breach specifying such default.
7.3 Survival

Article 6 (for the duration of the applicable warranty period),  Article 7, Article 8 and Article 9 shall survive any termination or
expiration of this Agreement.",,"ARTICLE 9.
LIABILITY AND REMEDY
9.1 Limited Liability

EXCEPT FOR LIABILITY ARISING FROM BREACHES OF A PARTY’S CONFIDENTIALITY OBLIGATIONS CONTAINED IN
THE NON-DISCLOSURE CLAUSE IN SECTION 12.17 OF THE CHINA JV OPERATING AGREEMENT , BREACHES OF LICENSE GRANTS
CONTAINED HEREIN, AND EXCEPT FOR AMOUNTS PAYABLE TO THIRD PARTIES TO FULFILL INDEMNITY OBLIGATIONS DESCRIBED IN
ARTICLE 8, (A) IN NO EVENT SHALL ANY PARTY HAVE ANY LIABILITY TO THE OTHERS, OR TO ANY PARTY CLAIMING THROUGH OR
UNDER THE OTHER, FOR ANY LOST PROFITS, ANY INDIRECT, INCIDENTAL, SPECIAL OR CONSEQUENTIAL DAMAGES OF ANY KIND IN
ANY WAY ARISING OUT OF OR RELATED TO THIS AGREEMENT, HOWEVER CAUSED AND UNDER ANY THEORY OF LIABILITY, EVEN IF
SUCH PARTY HAS BEEN ADVISED OF THE POSSIBILITY OF SUCH DAMAGES; AND (B) IN NO EVENT SHALL A PARTY’S CUMULATIVE
LIABILITY ARISING OUT OF THIS AGREEMENT EXCEED THE AMOUNTS ACTUALLY PAID, PAYABLE, RECEIVED OR RECEIVABLE BY
SUCH PARTY FOR THE PRODUCTS CONCERNED THEREWITH HEREUNDER PURSUANT TO THIS AGREEMENT DURING THE TWELVE (12)
MONTHS PRIOR TO THE OCCURRENCE OF THE INITIAL EVENT FOR WHICH A PARTY RECOVERS DAMAGES HEREUNDER. THESE
LIMITATIONS SHALL APPLY NOTWITHSTANDING ANY FAILURE OF ESSENTIAL PURPOSE OF ANY REMEDY. THE PARTIES
ACKNOWLEDGE AND AGREE THAT THIS ARTICLE 9 IS AN ESSENTIAL ELEMENT OF THE BARGAIN AND ABSENT THIS ARTICLE 9 THE",05-12-2025 04:43
MARTINMIDSTREAMPARTNERSLP_01_23_2004-EX-10.3-TRANSPORTATION SERVICES AGREEMENT.PDF,"This contract is between an Owner and a Charterer for the provision of marine transportation services. The Owner is responsible for complying with applicable laws, including environmental and health regulations, and maintaining insurance coverage for sudden and accidental pollution. Both parties agree to indemnify each other against claims, damages, and expenses arising from their respective acts or omissions, excluding consequential, punitive, or special damages. The Charterer and Owner also covenant to defend, protect, and hold harmless each other and their affiliates from claims, demands, and liabilities.

The agreement has an initial term of 3 years, automatically renewing for successive 1-year terms unless either party provides 30 days' written notice of non-renewal. Termination can also occur if the parties fail to agree on a fee during renegotiation or if one party breaches its obligations and fails to cure within 10 days of written notice. Upon termination, the agreement ceases to have effect, except for accrued rights and obligations, which continue until satisfied.","The initial term of this Agreement shall be for 3 years (the “Initial Term”) commencing on the date first set forth above (the “Commencement Date”) and ending on the 3rd anniversary of the Commencement Date. This Agreement will automatically renew for successive one year terms (each a “Renewal Term”, and together with the Initial Term, the “Term”), unless either Charterer or Owner elects not to renew this Agreement by providing the other party with written notice of such election 30 days prior to the expiration of the Initial Term or Renewal Term, as applicable, at which point this Agreement will automatically terminate. Within 30 days of the end of the Initial Term, and within 30 days of the end of each Renewal Term, both parties hereto shall have the right renegotiate the fee specified below for the use of the vessels. If no such agreement on such fee is reached by such parties by the commencement of a Renewal Term, this Agreement shall automatically terminate. Either party hereto shall have the right to terminate this Agreement in the event of a breach by the other party of its obligations hereunder, subject to 10 days prior written notice of such breach given by the non-breaching party to the breaching party and the opportunity for such breaching party to cure such breach during such 10 day period. Upon any such termination, this Agreement shall thereafter have no further force or effect except as to already accrued rights and obligations, which shall continue until satisfied.",,"And neither the vessels, their captains or Owner, nor the Charterer, shall, unless otherwise in this Agreement expressly provided, be responsible for any loss or damage or delay or failure in performing hereunder arising or resulting from; act of God, act of war; act of public enemies, pirates or assailing thieves; acts of terrorism; arrest or restraint of princes, rulers of people, or seizure under legal process provided bond is promptly furnished to release such vessel or cargo; strike or lockout or stoppage or restraint of labor from whatever cause, either partial or general, or riot or civil commotion.",05-12-2025 04:45
ENTRUSTINC_07_24_1998-EX-10.5-STRATEGIC ALLIANCE AGREEMENT.PDF,"This agreement is between Entrust and Nortel, outlining the terms of their partnership. The purpose of the agreement is to govern the exchange of information and the obligations of each party. Entrust and Nortel are required to maintain the confidentiality of information shared between them, with certain exceptions for information that is publicly available or independently developed.

Both parties have specific obligations, and failure to comply may result in termination, which can occur if there is a material breach or insolvency. Upon termination, certain provisions will survive, including confidentiality and liability clauses. The liability of each party is limited, with a maximum monetary limit of $5,000,000, except for breaches of specific articles, which may incur a higher liability of up to $10,000,000. Neither party is liable for indirect, incidental, or consequential damages, or special or punitive damages arising from a breach of the agreement.","Section 10.02. Termination.
               ----------- 
(a)  Termination for Cause.  In the event of any  material breach of this
    Agreement by either Nortel or Entrust, the non-breaching Party may terminate
    this Agreement by giving sixty (60) days' prior written notice to the other
    Party; provided, however, that this Agreement shall not terminate if the
    other Party has cured the breach prior to the expiration of such 60-day
    period, or if such breach can not be cured within such sixty 60-day period,
    the other Party has initiated actions to cure such breach within such sixty
    60-day period, and thereafter cures such breach as soon as reasonably
    practical.
(b) Termination for Insolvency.  Either Party may terminate this Agreement in
    --------------------------                                               
    the event the other Party: (i) admits in writing its inability to pay its
    debts generally as they become due; (ii) commits an act of bankruptcy, (iii)
    files a notice of intention to make a proposal under the Bankruptcy and
    Insolvency Act, commences proceedings under the Companies' Creditors
    Arrangement Act, or otherwise seeks a reorganization, adjustment or
    composition under applicable bankruptcy laws or any other similar law or
    statute of any relevant jurisdiction; (iv) enters into an assignment,
    arrangement or composition for the benefit of its creditors; or (v) consents
    to the appointment of a receiver or receiver-manger of itself or of the
    whole or any substantial part of its property.","Section 8.02. Confidential Information. Entrust and Nortel shall hold in trust
              ------------------------                                        
and maintain confidential all Confidential Information relating to the other
Party. ""Confidential Information"" shall mean all information disclosed by either
        ------------------------                                               
Party to the other in connection with this Agreement whether orally, visually,
in writing or in any other tangible form, and includes, but is not limited to,
technical, scientific, economic and business data, business plans, and the like,
but shall not include (i) information which becomes generally available other
than by release in violation of the provisions of this Section 8.01, (ii)
information which becomes available on a non-confidential basis to a Party from
a source other than the other Party, provided the Party in question reasonably
believes that such source is not or was not bound to hold such information
confidential, (iii) information acquired or developed independently by a Party
without violating this Section 8.02 or any other confidentiality agreement with
the other Party and (iv) information that any Party reasonably believes it is
required to disclose by law, provided that it first notifies the other Party of
such requirement and allows such Party a reasonable opportunity to seek a
protective order or other appropriate remedy to prevent such disclosure. Without
prejudice to the rights and remedies of either Party, a Party disclosing any
Confidential Information to the other Party in accordance with the provisions of
this Agreement shall be entitled to equitable relief by way of an injunction if
the other Party breaches or threatens to breach any provision of this Section
8.02.","Section 11.03. Limitation on Types of Damages.  Except for breach of Article
               -------------------------------                              
VIII and for Article XII, in no event shall either Party be liable to the other
Party for any indirect, incidental and/or consequential damages resulting from a
breach of this agreement, including without limitation lost business, lost
savings, and lost profits even if the breaching Party has been advised of the
possibility of the occurrence of such damages.  In no event shall either Party
be liable for any special or punitive damages arising from breach of this
Agreement.
Section 11.04. Monetary Limit.  For any cause of action arising under this
               ---------------                                            
Agreement, Nortel's liability to Entrust, and Entrust's liability to Nortel
shall not exceed U.S.$5,000,000.  Notwithstanding the foregoing, each of
Nortel's and Entrust's liability to the other Party for breach of Article II
shall not exceed U.S.$10,000,000.",05-12-2025 04:46
"INTELLIGENTHIGHWAYSOLUTIONS,INC_01_18_2018-EX-10.1-Strategic Alliance Agreement.PDF","Here is a summary of the contract in 100-150 words:

Fazync and Bravatek have entered into a partnership agreement to collaborate on developing and promoting products and services. The parties agree to work together to develop a joint strategy, support each other's technical and marketing efforts, and utilize each other as preferred vendors. Fazync will promote Bravatek's products and services, provide timely responses to technical and administrative questions, and aid in writing sales documents. Bravatek will receive a lead-finder fee for clients introduced to Fazync. The parties are obligated to maintain the confidentiality of each other's information for five years after termination. The agreement is for 12 months and will automatically renew unless either party gives 90 days' written notice. Bravatek is also required to indemnify Fazync for any damages or liabilities arising from its negligence or breach of the agreement. Termination can occur with 90 days' written notice.",This Agreement may also be terminated by either party upon ninety (90) days written notice.,"“Confidential information” shall mean any and all technical and non-technical information, documents and materials related to client projects of party and products, services and business of each of the parties. Fazync and Bravatek agree to maintain in strict confidence and not to disclose or disseminate, or to use for any purposes other than performance of the projects, the Confidential Information disclosed.",,05-12-2025 04:48
"HALITRON,INC_03_01_2005-EX-10.15-SPONSORSHIP AND DEVELOPMENT AGREEMENT.PDF","This contract is between TDA and Smith, where Smith provides services to TDA. The purpose of the agreement is not explicitly stated, but it appears to be related to golf instruction products. TDA is required to keep accurate records, and Smith has the right to audit these records through an independent accounting firm.

TDA and Smith have certain obligations under the agreement, including TDA keeping accurate records and Smith performing services in a professional manner. The agreement has a term of three years and can be terminated at the end of this period. Confidentiality is maintained as both parties agree not to disclose or use confidential information obtained from each other. Smith's liability is limited to the amounts received under the agreement, and Smith is not liable for special, consequential, or punitive damages. The agreement is governed by Arizona law, and any disputes will be resolved in Arizona courts.","6.1 Term. The term of this Agreement (the ""Term"") shall commence on the Effective Date and terminate at the end of the Exclusivity Period (i.e., a three (3) year period commencing on the Effective Date).",7.3 Confidential Information and Non-Disparagement. Neither party will disclose or use any confidential or proprietary information that such party obtains from or about the other or its products. Both parties agree that the existence and results of any arbitration held pursuant to this Agreement will be treated confidentially.,"10.9 Liability. In no event (including, but not limited to, Smith's default hereunder) shall Smith be liable to TDA (or any entity claiming through TDA) for any amount in excess of the amounts actually received by Smith hereunder, excluding the reimbursement of expenses. Under no circumstances will Smith be liable to TDA or any other entity for any special, consequential, indirect, exemplary and/or punitive damages, or for loss of good will or business profits.",05-12-2025 04:20
"CANOPETROLEUM,INC_12_13_2007-EX-10.1-Sponsorship Agreement.PDF","This contract is between R.C. Boyd Enterprises, LLC (the Company) and Cano, where the Company will provide services to Cano in exchange for $150,000, paid in four installments. The agreement is effective from January 1, 2008, to December 31, 2008. Cano is required to make timely payments, and failure to do so may result in the Company canceling the agreement after providing written notice. If the agreement is terminated, Cano remains liable for any unpaid installments.

The contract limits Cano's liability for injuries sustained by the Company or third parties during the provision of services. The agreement is governed by applicable laws and regulations, and any invalid or unenforceable provisions will not affect the remaining terms. The contract cannot be assigned by either party without the prior written consent of the other party.","If Cano fails to make any payment when required by this Agreement, the Company shall have the option of canceling this Agreement following the passage of ten (10) days after having given Cano written notice of its default. While the Company shall have no further obligation to Cano following cancellation of the Agreement, Cano shall remain liable for all unpaid installments for the then current term of the Agreement, which installments shall be immediately due and payable.",,"The parties agree that Cano will not be liable to the Company or any third party for any injury sustained by the Company, its employees, independent contractors, invitees or any other third party while preparing for, filming or working on post production of any episode.",05-12-2025 04:23
GULFSOUTHMEDICALSUPPLYINC_12_24_1997-EX-4-AFFILIATE AGREEMENT.PDF,"This Affiliate Agreement is between Physician Sales & Service, Inc. (PSS) and Melvin L. Hecktman, an affiliate of GSMS, in connection with a merger between PSS and GSMS. The agreement's purpose is to restrict Hecktman's ability to sell or transfer his PSS shares received in the merger until PSS publishes its post-merger financial results, as required by SEC Accounting Series Release Nos. 130 and 135. PSS agrees to publish these results within 45 days after the end of the first fiscal quarter containing the required period of post-merger combined operations and notify Hecktman upon publication.

Hecktman agrees not to sell or transfer his PSS shares until notified by PSS that the SEC requirements have been met. Hecktman also acknowledges that selling his PSS shares within six months of the merger may subject him to liability under Section 16(b) of the Securities Exchange Act of 1934. The agreement is governed by Delaware law and is the complete agreement between the parties concerning the subject matter.",,,"any sale of PSS Common Stock by the undersigned within a period of less than six months following the effective time of the Merger may subject the undersigned to liability pursuant to Section 16(b) of the Securities Exchange Act of 1934, as amended.",2025-12-05 05:13:36
DYNAMEXINC_06_06_1996-EX-10.4-TRANSPORTATION SERVICES AGREEMENT.PDF,"This agreement outlines the terms and conditions between two parties, Purolator and Dynamex, for the provision of services. The purpose of the agreement is to establish the responsibilities and obligations of each party. Purolator and Dynamex are required to fulfill their respective obligations under the agreement, including performing their duties and maintaining confidentiality.

Either party can terminate the agreement with or without cause, with a two-year notice period for termination without cause. If a party defaults, the other party can terminate the agreement with a shorter notice period and seek remedies, including recovering monies due and taking possession of property. The parties are liable for loss or damage to freight while in their care, custody, or control, with liability limited to a certain amount unless a higher value has been declared for insurance purposes. The agreement also requires the parties to keep its contents confidential, except in certain circumstances.","17.1    Either Party may terminate this Agreement upon the occurrence of any of the following events (""Event of Default""):
        (f)     if any execution, or any other process of any court becomes
                enforceable against all or substantially all of it's property or
                if a distress or analogous process is levied against all or
                substantially all of its property;
        (g)     if it is in default as per paragraph 16.1 hereof; or
        (h)     if it otherwise neglects or fails to perform or observe any of
                its obligations under this Agreement and fails to cure the
                breach or default within thirty (30) days of written notice to
                the other Party.
17.2    Upon the occurrence of an Event of Default and in addition to any
        rights or remedies available to it under this Agreement or at law or in
        equity, the Party not in default may exercise any or all of the
        following remedies:
        (a)     terminate this Agreement, upon giving one hundred and twenty
                (120) days written notice, otherwise upon written notice with
                respect to 17.1 (g) and (h);
        (b)     recover from the defaulting Party any and all monies then due
                and to become due; and
        (c)     take possession, immediately, without demand or notice, without
                any court order or other process of law, any and all of its
                property (including bags and containers) and Freight received by
                the defaulting Party under this Agreement.
19.0    TERMINATION WITHOUT CAUSE
19.1    Either Party may terminate this Agreement, without cause, by giving two
        (2) years written notice.","34.0    CONFIDENTIAL INFORMATION
34.1    The Parties recognize that this Agreement contains information which is
        commercially sensitive and agree to keep the entire contents of this
        Agreement confidential and not to make any disclosures to any third
        Parties (other than their professional and financial advisers who agree
        to be bound by this provision) unless required by law to do so or unless
        prior written consent is obtained from the other Party.","6.0    LIABILITY FOR LOSS OR DAMAGE
6.1    A Party shall be liable to the other for loss, damage or delay to
       Freight due to its acts or omissions, including its negligence, and
       those of its employees, agents and those for whom in law it is
       responsible and occurring while Freight is in its care, custody or
       control. For the purpose of this Agreement, Freight shall be considered
       in the care, custody or control of a Party from the time it is tendered
       to it by the other Party or the other Party's customer until the time of
       its delivery to the other Party or the consignee, as intended. For
       greater certainty, a Party shall not be liable hereunder if the Freight
       loss, damage or delay was due to the acts or omissions or those of its
       employees, agents or those for whom in law its is responsible;
       otherwise, the costs shall be shared equally by the Parties hereto.
6.3    A party shall, for any loss, damage or delay to Freight while in its
       care, custody or control, forthwith pay to the other Party the actual
       damages suffered by such other Party. Such liability shall not exceed the
       other Party's contractual liability to its customers. The Parties
       acknowledge that their contract of carriage with their customers provides
       that liability for loss, damage or delay, including liability for
       consequential loss, is limited to Four Dollars and Forty One Cents
       ($4.41) per kilogram or Two Dollars ($2.00) per pound unless a higher
       value has been declared for insurance purposes.",2025-12-05 05:14:22
